,service_uid,company_name,origin_crs,origin_stn_name,origin_run_time,origin_run_date,planned_final_destination,planned_final_crs,destination_reached_crs,destination_reached_name,scheduled_arrival_time,scheduled_arrival_date,arrival_lateness,cancellation_station_crs,cancellation_station_name,cancel_code,scheduled_arrival_datetime,origin_run_datetime
0,G66026,Transport for Wales,MNC,Manchester Piccadilly,1900-01-01 07:18:00,2023-09-03,Chester,CTR,CHS,Chester,1900-01-01 09:28:00,2023-09-03,0,,,,2023-09-03 09:28:00,2023-09-03 07:18:00
1,S87239,Northern,MNC,Manchester Piccadilly,1900-01-01 07:30:00,2023-09-03,Wilmslow,WML,WLM,Wilmslow,1900-01-01 08:40:00,2023-09-03,0,,,,2023-09-03 08:40:00,2023-09-03 07:30:00
2,J67000,Transpennine Express,MNC,Manchester Piccadilly,1900-01-01 07:30:00,2023-09-03,Manchester Airport,MIA,MNC,Manchester Airport,1900-01-01 07:55:00,2023-09-03,0,,,,2023-09-03 07:55:00,2023-09-03 07:30:00
3,P60529,Northern,MNC,Manchester Piccadilly,1900-01-01 07:43:00,2023-09-03,Sheffield,SHF,SHE,Sheffield,1900-01-01 09:04:00,2023-09-03,5,,,,2023-09-03 09:04:00,2023-09-03 07:43:00
4,J67001,Transpennine Express,MNC,Manchester Piccadilly,1900-01-01 08:00:00,2023-09-03,Manchester Airport,MIA,MNC,Manchester Airport,1900-01-01 08:25:00,2023-09-03,0,,,,2023-09-03 08:25:00,2023-09-03 08:00:00
5,N80624,Transpennine Express,MNC,Manchester Piccadilly,1900-01-01 08:00:00,2023-09-03,Huddersfield,HUD,HDR,Huddersfield,1900-01-01 09:00:00,2023-09-03,0,,,,2023-09-03 09:00:00,2023-09-03 08:00:00
6,L33286,Avanti West Coast,MNC,Manchester Piccadilly,1900-01-01 08:06:00,2023-09-03,London Euston,EUS,EUS,London Euston,1900-01-01 11:00:00,2023-09-03,-13,,,,2023-09-03 11:00:00,2023-09-03 08:06:00
7,P44498,Northern,MNC,Manchester Piccadilly,1900-01-01 08:09:00,2023-09-03,Crewe,CRE,ALD,Alderley Edge,1900-01-01 08:35:00,2023-09-03,42,SDB,Sandbach,ZX,2023-09-03 08:35:00,2023-09-03 08:09:00
8,G67952,Transpennine Express,MNC,Manchester Piccadilly,1900-01-01 08:12:00,2023-09-03,Cleethorpes,CLE,GRM,Grimsby Town,1900-01-01 10:41:30,2023-09-03,19,CLE,Cleethorpes,I5,2023-09-03 10:41:30,2023-09-03 08:12:00
9,L33292,Avanti West Coast,MNC,Manchester Piccadilly,1900-01-01 08:20:00,2023-09-03,London Euston,EUS,EUS,London Euston,1900-01-01 11:10:00,2023-09-03,21,,,,2023-09-03 11:10:00,2023-09-03 08:20:00
10,G59358,CrossCountry,MNC,Manchester Piccadilly,1900-01-01 08:27:00,2023-09-03,Bournemouth,BMH,BOM,Bournemouth,1900-01-01 13:26:00,2023-09-03,0,,,,2023-09-03 13:26:00,2023-09-03 08:27:00
11,P45161,Northern,MNC,Manchester Piccadilly,1900-01-01 08:29:00,2023-09-03,Sheffield,SHF,SHE,Sheffield,1900-01-01 09:47:30,2023-09-03,5,,,,2023-09-03 09:47:30,2023-09-03 08:29:00
12,N80625,Transpennine Express,MNC,Manchester Piccadilly,1900-01-01 08:30:00,2023-09-03,Huddersfield,HUD,HDR,Huddersfield,1900-01-01 09:30:00,2023-09-03,0,,,,2023-09-03 09:30:00,2023-09-03 08:30:00
13,J67002,Transpennine Express,MNC,Manchester Piccadilly,1900-01-01 08:30:00,2023-09-03,Manchester Airport,MIA,MNC,Manchester Airport,1900-01-01 08:55:00,2023-09-03,0,,,,2023-09-03 08:55:00,2023-09-03 08:30:00
14,S87260,Northern,MNC,Manchester Piccadilly,1900-01-01 08:30:00,2023-09-03,Wilmslow,WML,WLM,Wilmslow,1900-01-01 09:40:00,2023-09-03,0,,,,2023-09-03 09:40:00,2023-09-03 08:30:00
15,P43989,Northern,MNC,Manchester Piccadilly,1900-01-01 08:50:00,2023-09-03,Buxton,BUX,BUX,Buxton,1900-01-01 09:53:00,2023-09-03,16,,,,2023-09-03 09:53:00,2023-09-03 08:50:00
16,J67003,Transpennine Express,MNC,Manchester Piccadilly,1900-01-01 09:00:00,2023-09-03,Manchester Airport,MIA,MNC,Manchester Airport,1900-01-01 09:25:00,2023-09-03,0,,,,2023-09-03 09:25:00,2023-09-03 09:00:00
17,N80626,Transpennine Express,MNC,Manchester Piccadilly,1900-01-01 09:00:00,2023-09-03,Huddersfield,HUD,HDR,Huddersfield,1900-01-01 10:00:00,2023-09-03,0,,,,2023-09-03 10:00:00,2023-09-03 09:00:00
18,P44500,Northern,MNC,Manchester Piccadilly,1900-01-01 09:00:00,2023-09-03,Crewe,CRE,CRE,Crewe,1900-01-01 09:48:00,2023-09-03,10,,,,2023-09-03 09:48:00,2023-09-03 09:00:00
19,P44205,Northern,MNC,Manchester Piccadilly,1900-01-01 09:06:00,2023-09-03,Chester,CTR,CHS,Chester,1900-01-01 10:37:00,2023-09-03,14,,,,2023-09-03 10:37:00,2023-09-03 09:06:00
20,G59362,CrossCountry,MNC,Manchester Piccadilly,1900-01-01 09:27:00,2023-09-03,Bournemouth,BMH,BOM,Bournemouth,1900-01-01 14:27:00,2023-09-03,3,,,,2023-09-03 14:27:00,2023-09-03 09:27:00
21,P60075,Northern,MNC,Manchester Piccadilly,1900-01-01 09:29:00,2023-09-03,Manchester Piccadilly,MAN,MNC,Manchester Piccadilly,1900-01-01 10:50:00,2023-09-03,0,,,,2023-09-03 10:50:00,2023-09-03 09:29:00
22,J67004,Transpennine Express,MNC,Manchester Piccadilly,1900-01-01 09:30:00,2023-09-03,Manchester Airport,MIA,MNC,Manchester Airport,1900-01-01 09:55:00,2023-09-03,0,,,,2023-09-03 09:55:00,2023-09-03 09:30:00
23,N80627,Transpennine Express,MNC,Manchester Piccadilly,1900-01-01 09:30:00,2023-09-03,Huddersfield,HUD,HDR,Huddersfield,1900-01-01 10:30:00,2023-09-03,0,,,,2023-09-03 10:30:00,2023-09-03 09:30:00
24,L98384,Transport for Wales,MNC,Manchester Piccadilly,1900-01-01 09:30:00,2023-09-03,Swansea,SWA,SWA,Swansea,1900-01-01 14:18:00,2023-09-03,-3,,,,2023-09-03 14:18:00,2023-09-03 09:30:00
25,S87261,Northern,MNC,Manchester Piccadilly,1900-01-01 09:30:00,2023-09-03,Wilmslow,WML,WLM,Wilmslow,1900-01-01 10:40:00,2023-09-03,0,,,,2023-09-03 10:40:00,2023-09-03 09:30:00
26,P60537,Northern,MNC,Manchester Piccadilly,1900-01-01 09:31:00,2023-09-03,Sheffield,SHF,SHE,Sheffield,1900-01-01 10:51:00,2023-09-03,8,,,,2023-09-03 10:51:00,2023-09-03 09:31:00
27,P43996,Northern,MNC,Manchester Piccadilly,1900-01-01 09:47:00,2023-09-03,Buxton,BUX,BUX,Buxton,1900-01-01 10:45:00,2023-09-03,-5,,,,2023-09-03 10:45:00,2023-09-03 09:47:00
28,N80651,Transpennine Express,MNC,Manchester Piccadilly,1900-01-01 09:52:00,2023-09-03,Huddersfield,HUD,HDR,Huddersfield,1900-01-01 11:27:00,2023-09-03,0,,,,2023-09-03 11:27:00,2023-09-03 09:52:00
29,P44505,Northern,MNC,Manchester Piccadilly,1900-01-01 09:57:00,2023-09-03,Crewe,CRE,CRE,Crewe,1900-01-01 10:46:00,2023-09-03,12,,,,2023-09-03 10:46:00,2023-09-03 09:57:00
30,N80628,Transpennine Express,MNC,Manchester Piccadilly,1900-01-01 10:00:00,2023-09-03,Huddersfield,HUD,HDR,Huddersfield,1900-01-01 11:00:00,2023-09-03,0,,,,2023-09-03 11:00:00,2023-09-03 10:00:00
31,J67005,Transpennine Express,MNC,Manchester Piccadilly,1900-01-01 10:00:00,2023-09-03,Manchester Airport,MIA,MNC,Manchester Airport,1900-01-01 10:25:00,2023-09-03,0,,,,2023-09-03 10:25:00,2023-09-03 10:00:00
32,P44230,Northern,MNC,Manchester Piccadilly,1900-01-01 10:03:00,2023-09-03,Hadfield,HDF,HAD,Hadfield,1900-01-01 10:42:00,2023-09-03,1,,,,2023-09-03 10:42:00,2023-09-03 10:03:00
33,G67956,Transpennine Express,MNC,Manchester Piccadilly,1900-01-01 10:14:00,2023-09-03,Cleethorpes,CLE,CLT,Cleethorpes,1900-01-01 12:52:30,2023-09-03,2,,,,2023-09-03 12:52:30,2023-09-03 10:14:00
34,L33311,Avanti West Coast,MNC,Manchester Piccadilly,1900-01-01 10:21:00,2023-09-03,London Euston,EUS,EUS,London Euston,1900-01-01 12:54:00,2023-09-03,-5,,,,2023-09-03 12:54:00,2023-09-03 10:21:00
35,G59368,CrossCountry,MNC,Manchester Piccadilly,1900-01-01 10:27:00,2023-09-03,Bournemouth,BMH,BOM,Bournemouth,1900-01-01 15:25:00,2023-09-03,0,,,,2023-09-03 15:25:00,2023-09-03 10:27:00
36,L98372,Transport for Wales,MNC,Manchester Piccadilly,1900-01-01 10:30:00,2023-09-03,Carmarthen,CMN,CMT,Carmarthen,1900-01-01 16:10:00,2023-09-03,0,,,,2023-09-03 16:10:00,2023-09-03 10:30:00
37,S87262,Northern,MNC,Manchester Piccadilly,1900-01-01 10:30:00,2023-09-03,Wilmslow,WML,WLM,Wilmslow,1900-01-01 11:40:00,2023-09-03,0,,,,2023-09-03 11:40:00,2023-09-03 10:30:00
38,J67006,Transpennine Express,MNC,Manchester Piccadilly,1900-01-01 10:30:00,2023-09-03,Manchester Airport,MIA,MNC,Manchester Airport,1900-01-01 10:55:00,2023-09-03,0,,,,2023-09-03 10:55:00,2023-09-03 10:30:00
39,N80629,Transpennine Express,MNC,Manchester Piccadilly,1900-01-01 10:30:00,2023-09-03,Huddersfield,HUD,HDR,Huddersfield,1900-01-01 11:30:00,2023-09-03,0,,,,2023-09-03 11:30:00,2023-09-03 10:30:00
40,P60031,Northern,MNC,Manchester Piccadilly,1900-01-01 10:33:00,2023-09-03,Hadfield,HDF,HAD,Hadfield,1900-01-01 11:12:00,2023-09-03,0,,,,2023-09-03 11:12:00,2023-09-03 10:33:00
41,P60542,Northern,MNC,Manchester Piccadilly,1900-01-01 10:45:00,2023-09-03,Sheffield,SHF,SHE,Sheffield,1900-01-01 12:05:00,2023-09-03,13,,,,2023-09-03 12:05:00,2023-09-03 10:45:00
42,P44005,Northern,MNC,Manchester Piccadilly,1900-01-01 10:47:00,2023-09-03,Buxton,BUX,BUX,Buxton,1900-01-01 11:47:00,2023-09-03,-2,,,,2023-09-03 11:47:00,2023-09-03 10:47:00
43,N80652,Transpennine Express,MNC,Manchester Piccadilly,1900-01-01 10:52:00,2023-09-03,Huddersfield,HUD,HDR,Huddersfield,1900-01-01 12:27:00,2023-09-03,0,,,,2023-09-03 12:27:00,2023-09-03 10:52:00
44,N80630,Transpennine Express,MNC,Manchester Piccadilly,1900-01-01 11:00:00,2023-09-03,Huddersfield,HUD,HDR,Huddersfield,1900-01-01 12:00:00,2023-09-03,0,,,,2023-09-03 12:00:00,2023-09-03 11:00:00
45,J67007,Transpennine Express,MNC,Manchester Piccadilly,1900-01-01 11:00:00,2023-09-03,Manchester Airport,MIA,MNC,Manchester Airport,1900-01-01 11:25:00,2023-09-03,0,,,,2023-09-03 11:25:00,2023-09-03 11:00:00
46,P60032,Northern,MNC,Manchester Piccadilly,1900-01-01 11:03:00,2023-09-03,Hadfield,HDF,HAD,Hadfield,1900-01-01 11:42:00,2023-09-03,0,,,,2023-09-03 11:42:00,2023-09-03 11:03:00
47,P44207,Northern,MNC,Manchester Piccadilly,1900-01-01 11:03:00,2023-09-03,Chester,CTR,CHS,Chester,1900-01-01 12:30:00,2023-09-03,20,,,,2023-09-03 12:30:00,2023-09-03 11:03:00
48,P44509,Northern,MNC,Manchester Piccadilly,1900-01-01 11:07:00,2023-09-03,Crewe,CRE,CRE,Crewe,1900-01-01 11:54:00,2023-09-03,-1,,,,2023-09-03 11:54:00,2023-09-03 11:07:00
49,L33321,Avanti West Coast,MNC,Manchester Piccadilly,1900-01-01 11:14:00,2023-09-03,London Euston,EUS,EUS,London Euston,1900-01-01 13:35:00,2023-09-03,2,,,,2023-09-03 13:35:00,2023-09-03 11:14:00
50,G59372,CrossCountry,MNC,Manchester Piccadilly,1900-01-01 11:25:00,2023-09-03,Bournemouth,BMH,BOM,Bournemouth,1900-01-01 16:25:00,2023-09-03,6,,,,2023-09-03 16:25:00,2023-09-03 11:25:00
51,L98386,Transport for Wales,SHR,Shrewsbury,1900-01-01 12:44:00,2023-09-03,Swansea,SWA,SWA,Swansea,1900-01-01 15:47:00,2023-09-03,3,MAN,Manchester Piccadilly,TG,2023-09-03 15:47:00,2023-09-03 12:44:00
52,J67008,Transpennine Express,MNC,Manchester Piccadilly,1900-01-01 11:30:00,2023-09-03,Manchester Airport,MIA,MNC,Manchester Airport,1900-01-01 11:55:00,2023-09-03,0,,,,2023-09-03 11:55:00,2023-09-03 11:30:00
53,N80631,Transpennine Express,MNC,Manchester Piccadilly,1900-01-01 11:30:00,2023-09-03,Huddersfield,HUD,HDR,Huddersfield,1900-01-01 12:30:00,2023-09-03,0,,,,2023-09-03 12:30:00,2023-09-03 11:30:00
54,S87238,Northern,MNC,Manchester Piccadilly,1900-01-01 11:30:00,2023-09-03,Wilmslow,WML,WLM,Wilmslow,1900-01-01 12:40:00,2023-09-03,0,,,,2023-09-03 12:40:00,2023-09-03 11:30:00
55,P60033,Northern,MNC,Manchester Piccadilly,1900-01-01 11:33:00,2023-09-03,Hadfield,HDF,HAD,Hadfield,1900-01-01 12:12:00,2023-09-03,0,,,,2023-09-03 12:12:00,2023-09-03 11:33:00
56,P60547,Northern,MNC,Manchester Piccadilly,1900-01-01 11:45:00,2023-09-03,Sheffield,SHF,SHE,Sheffield,1900-01-01 13:05:00,2023-09-03,1,,,,2023-09-03 13:05:00,2023-09-03 11:45:00
57,P44013,Northern,MNC,Manchester Piccadilly,1900-01-01 11:49:00,2023-09-03,Buxton,BUX,BUX,Buxton,1900-01-01 12:50:00,2023-09-03,-2,,,,2023-09-03 12:50:00,2023-09-03 11:49:00
58,N80653,Transpennine Express,MNC,Manchester Piccadilly,1900-01-01 11:52:00,2023-09-03,Huddersfield,HUD,HDR,Huddersfield,1900-01-01 13:27:00,2023-09-03,0,,,,2023-09-03 13:27:00,2023-09-03 11:52:00
59,L33333,Avanti West Coast,MNC,Manchester Piccadilly,1900-01-01 11:56:00,2023-09-03,London Euston,EUS,EUS,London Euston,1900-01-01 14:10:00,2023-09-03,-2,,,,2023-09-03 14:10:00,2023-09-03 11:56:00
60,N80632,Transpennine Express,MNC,Manchester Piccadilly,1900-01-01 12:00:00,2023-09-03,Huddersfield,HUD,HDR,Huddersfield,1900-01-01 13:00:00,2023-09-03,0,,,,2023-09-03 13:00:00,2023-09-03 12:00:00
61,J67009,Transpennine Express,MNC,Manchester Piccadilly,1900-01-01 12:00:00,2023-09-03,Manchester Airport,MIA,MNC,Manchester Airport,1900-01-01 12:25:00,2023-09-03,0,,,,2023-09-03 12:25:00,2023-09-03 12:00:00
62,P60228,Northern,MNC,Manchester Piccadilly,1900-01-01 12:01:00,2023-09-03,Crewe,CRE,CRE,Crewe,1900-01-01 12:49:00,2023-09-03,0,,,,2023-09-03 12:49:00,2023-09-03 12:01:00
63,P60034,Northern,MNC,Manchester Piccadilly,1900-01-01 12:03:00,2023-09-03,Hadfield,HDF,HAD,Hadfield,1900-01-01 12:42:00,2023-09-03,0,,,,2023-09-03 12:42:00,2023-09-03 12:03:00
64,L33335,Avanti West Coast,MNC,Manchester Piccadilly,1900-01-01 12:15:00,2023-09-03,London Euston,EUS,EUS,London Euston,1900-01-01 14:38:00,2023-09-03,0,,,,2023-09-03 14:38:00,2023-09-03 12:15:00
65,G67960,Transpennine Express,SHE,Sheffield,1900-01-01 13:10:00,2023-09-03,Cleethorpes,CLE,CLT,Cleethorpes,1900-01-01 14:49:30,2023-09-03,11,MAN,Manchester Piccadilly,I5,2023-09-03 14:49:30,2023-09-03 13:10:00
66,G59376,CrossCountry,MNC,Manchester Piccadilly,1900-01-01 12:25:00,2023-09-03,Bournemouth,BMH,BOM,Bournemouth,1900-01-01 17:25:00,2023-09-03,4,,,,2023-09-03 17:25:00,2023-09-03 12:25:00
67,J67010,Transpennine Express,MNC,Manchester Piccadilly,1900-01-01 12:30:00,2023-09-03,Manchester Airport,MIA,MNC,Manchester Airport,1900-01-01 12:55:00,2023-09-03,0,,,,2023-09-03 12:55:00,2023-09-03 12:30:00
68,N80633,Transpennine Express,MNC,Manchester Piccadilly,1900-01-01 12:30:00,2023-09-03,Huddersfield,HUD,HDR,Huddersfield,1900-01-01 13:30:00,2023-09-03,0,,,,2023-09-03 13:30:00,2023-09-03 12:30:00
69,S87263,Northern,MNC,Manchester Piccadilly,1900-01-01 12:30:00,2023-09-03,Wilmslow,WML,WLM,Wilmslow,1900-01-01 13:40:00,2023-09-03,0,,,,2023-09-03 13:40:00,2023-09-03 12:30:00
70,L98394,Transport for Wales,MNC,Manchester Piccadilly,1900-01-01 12:31:00,2023-09-03,Crewe,CRE,CRE,Crewe,1900-01-01 13:07:00,2023-09-03,0,,,,2023-09-03 13:07:00,2023-09-03 12:31:00
71,P60035,Northern,MNC,Manchester Piccadilly,1900-01-01 12:33:00,2023-09-03,Hadfield,HDF,HAD,Hadfield,1900-01-01 13:12:00,2023-09-03,0,,,,2023-09-03 13:12:00,2023-09-03 12:33:00
72,G70124,East Midlands Railway,MNC,Manchester Piccadilly,1900-01-01 12:44:00,2023-09-03,Norwich,NRW,NRC,Norwich,1900-01-01 17:25:00,2023-09-03,4,,,,2023-09-03 17:25:00,2023-09-03 12:44:00
73,P59715,Northern,MNC,Manchester Piccadilly,1900-01-01 12:50:00,2023-09-03,Buxton,BUX,BUX,Buxton,1900-01-01 13:50:00,2023-09-03,0,,,,2023-09-03 13:50:00,2023-09-03 12:50:00
74,N80654,Transpennine Express,MNC,Manchester Piccadilly,1900-01-01 12:52:00,2023-09-03,Huddersfield,HUD,HDR,Huddersfield,1900-01-01 14:27:00,2023-09-03,0,,,,2023-09-03 14:27:00,2023-09-03 12:52:00
75,P60552,Northern,MNC,Manchester Piccadilly,1900-01-01 12:52:00,2023-09-03,Sheffield,SHF,SHE,Sheffield,1900-01-01 14:05:00,2023-09-03,0,,,,2023-09-03 14:05:00,2023-09-03 12:52:00
76,J67011,Transpennine Express,MNC,Manchester Piccadilly,1900-01-01 13:00:00,2023-09-03,Manchester Airport,MIA,MNC,Manchester Airport,1900-01-01 13:25:00,2023-09-03,0,,,,2023-09-03 13:25:00,2023-09-03 13:00:00
77,N80634,Transpennine Express,MNC,Manchester Piccadilly,1900-01-01 13:00:00,2023-09-03,Huddersfield,HUD,HDR,Huddersfield,1900-01-01 14:00:00,2023-09-03,0,,,,2023-09-03 14:00:00,2023-09-03 13:00:00
78,G59572,CrossCountry,MNC,Manchester Piccadilly,1900-01-01 13:03:00,2023-09-03,Paignton,PGN,PAI,Paignton,1900-01-01 18:00:00,2023-09-03,-1,,,,2023-09-03 18:00:00,2023-09-03 13:03:00
79,P60036,Northern,MNC,Manchester Piccadilly,1900-01-01 13:03:00,2023-09-03,Hadfield,HDF,HAD,Hadfield,1900-01-01 13:42:00,2023-09-03,-1,,,,2023-09-03 13:42:00,2023-09-03 13:03:00
80,P60230,Northern,MNC,Manchester Piccadilly,1900-01-01 13:06:00,2023-09-03,Crewe,CRE,CRE,Crewe,1900-01-01 13:56:00,2023-09-03,-1,,,,2023-09-03 13:56:00,2023-09-03 13:06:00
81,P59964,Northern,MNC,Manchester Piccadilly,1900-01-01 13:10:00,2023-09-03,Chester,CTR,CHS,Chester,1900-01-01 14:35:00,2023-09-03,0,,,,2023-09-03 14:35:00,2023-09-03 13:10:00
82,L33349,Avanti West Coast,MNC,Manchester Piccadilly,1900-01-01 13:15:00,2023-09-03,London Euston,EUS,EUS,London Euston,1900-01-01 15:39:00,2023-09-03,-1,,,,2023-09-03 15:39:00,2023-09-03 13:15:00
83,G59377,CrossCountry,MNC,Manchester Piccadilly,1900-01-01 13:25:00,2023-09-03,Bournemouth,BMH,BOM,Bournemouth,1900-01-01 18:27:00,2023-09-03,1,,,,2023-09-03 18:27:00,2023-09-03 13:25:00
84,S87264,Northern,MNC,Manchester Piccadilly,1900-01-01 13:30:00,2023-09-03,Wilmslow,WML,WLM,Wilmslow,1900-01-01 14:40:00,2023-09-03,0,,,,2023-09-03 14:40:00,2023-09-03 13:30:00
85,J67012,Transpennine Express,MNC,Manchester Piccadilly,1900-01-01 13:30:00,2023-09-03,Manchester Airport,MIA,MNC,Manchester Airport,1900-01-01 13:55:00,2023-09-03,0,,,,2023-09-03 13:55:00,2023-09-03 13:30:00
86,N80635,Transpennine Express,MNC,Manchester Piccadilly,1900-01-01 13:30:00,2023-09-03,Huddersfield,HUD,HDR,Huddersfield,1900-01-01 14:30:00,2023-09-03,0,,,,2023-09-03 14:30:00,2023-09-03 13:30:00
87,P60037,Northern,MNC,Manchester Piccadilly,1900-01-01 13:33:00,2023-09-03,Hadfield,HDF,HAD,Hadfield,1900-01-01 14:12:00,2023-09-03,0,,,,2023-09-03 14:12:00,2023-09-03 13:33:00
88,P60557,Northern,MNC,Manchester Piccadilly,1900-01-01 13:45:00,2023-09-03,Sheffield,SHF,SHE,Sheffield,1900-01-01 15:01:00,2023-09-03,3,,,,2023-09-03 15:01:00,2023-09-03 13:45:00
89,G70128,East Midlands Railway,MNC,Manchester Piccadilly,1900-01-01 13:46:00,2023-09-03,Norwich,NRW,NRC,Norwich,1900-01-01 18:22:00,2023-09-03,-1,,,,2023-09-03 18:22:00,2023-09-03 13:46:00
90,P59719,Northern,MNC,Manchester Piccadilly,1900-01-01 13:51:00,2023-09-03,Buxton,BUX,BUX,Buxton,1900-01-01 14:52:00,2023-09-03,0,,,,2023-09-03 14:52:00,2023-09-03 13:51:00
91,N80655,Transpennine Express,MNC,Manchester Piccadilly,1900-01-01 13:52:00,2023-09-03,Huddersfield,HUD,HDR,Huddersfield,1900-01-01 15:27:00,2023-09-03,0,,,,2023-09-03 15:27:00,2023-09-03 13:52:00
92,L33360,Avanti West Coast,MNC,Manchester Piccadilly,1900-01-01 13:55:00,2023-09-03,London Euston,EUS,EUS,London Euston,1900-01-01 16:10:00,2023-09-03,-3,,,,2023-09-03 16:10:00,2023-09-03 13:55:00
93,N80636,Transpennine Express,MNC,Manchester Piccadilly,1900-01-01 14:00:00,2023-09-03,Huddersfield,HUD,HDR,Huddersfield,1900-01-01 15:00:00,2023-09-03,0,,,,2023-09-03 15:00:00,2023-09-03 14:00:00
94,J67013,Transpennine Express,MNC,Manchester Piccadilly,1900-01-01 14:00:00,2023-09-03,Manchester Airport,MIA,MNC,Manchester Airport,1900-01-01 14:25:00,2023-09-03,0,,,,2023-09-03 14:25:00,2023-09-03 14:00:00
95,P60038,Northern,MNC,Manchester Piccadilly,1900-01-01 14:03:00,2023-09-03,Hadfield,HDF,HAD,Hadfield,1900-01-01 14:42:00,2023-09-03,2,,,,2023-09-03 14:42:00,2023-09-03 14:03:00
96,G59578,CrossCountry,MNC,Manchester Piccadilly,1900-01-01 14:03:00,2023-09-03,Bristol Temple Meads,BRI,BRS,Bristol Temple Meads,1900-01-01 17:07:00,2023-09-03,3,,,,2023-09-03 17:07:00,2023-09-03 14:03:00
97,P60231,Northern,MNC,Manchester Piccadilly,1900-01-01 14:06:00,2023-09-03,Crewe,CRE,CRE,Crewe,1900-01-01 14:55:00,2023-09-03,3,,,,2023-09-03 14:55:00,2023-09-03 14:06:00
98,L33362,Avanti West Coast,MNC,Manchester Piccadilly,1900-01-01 14:15:00,2023-09-03,London Euston,EUS,EUS,London Euston,1900-01-01 16:38:00,2023-09-03,2,,,,2023-09-03 16:38:00,2023-09-03 14:15:00
99,G67964,Transpennine Express,MNC,Manchester Piccadilly,1900-01-01 14:19:00,2023-09-03,Cleethorpes,CLE,CLT,Cleethorpes,1900-01-01 16:51:30,2023-09-03,-1,,,,2023-09-03 16:51:30,2023-09-03 14:19:00
100,G59380,CrossCountry,MNC,Manchester Piccadilly,1900-01-01 14:25:00,2023-09-03,Bournemouth,BMH,BOM,Bournemouth,1900-01-01 19:26:00,2023-09-03,1,,,,2023-09-03 19:26:00,2023-09-03 14:25:00
101,S87265,Northern,MNC,Manchester Piccadilly,1900-01-01 14:30:00,2023-09-03,Wilmslow,WML,WLM,Wilmslow,1900-01-01 15:40:00,2023-09-03,0,,,,2023-09-03 15:40:00,2023-09-03 14:30:00
102,N80637,Transpennine Express,MNC,Manchester Piccadilly,1900-01-01 14:30:00,2023-09-03,Huddersfield,HUD,HDR,Huddersfield,1900-01-01 15:30:00,2023-09-03,0,,,,2023-09-03 15:30:00,2023-09-03 14:30:00
103,J67014,Transpennine Express,MNC,Manchester Piccadilly,1900-01-01 14:30:00,2023-09-03,Manchester Airport,MIA,MNC,Manchester Airport,1900-01-01 14:55:00,2023-09-03,0,,,,2023-09-03 14:55:00,2023-09-03 14:30:00
104,L98374,Transport for Wales,MNC,Manchester Piccadilly,1900-01-01 14:30:00,2023-09-03,Carmarthen,CMN,CMT,Carmarthen,1900-01-01 20:01:00,2023-09-03,10,,,,2023-09-03 20:01:00,2023-09-03 14:30:00
105,P60039,Northern,MNC,Manchester Piccadilly,1900-01-01 14:33:00,2023-09-03,Hadfield,HDF,HAD,Hadfield,1900-01-01 15:12:00,2023-09-03,0,,,,2023-09-03 15:12:00,2023-09-03 14:33:00
106,G70131,East Midlands Railway,MNC,Manchester Piccadilly,1900-01-01 14:43:00,2023-09-03,Norwich,NRW,NRC,Norwich,1900-01-01 19:25:00,2023-09-03,1,,,,2023-09-03 19:25:00,2023-09-03 14:43:00
107,P60562,Northern,MNC,Manchester Piccadilly,1900-01-01 14:45:00,2023-09-03,Sheffield,SHF,SHE,Sheffield,1900-01-01 16:05:00,2023-09-03,1,,,,2023-09-03 16:05:00,2023-09-03 14:45:00
108,P59723,Northern,MNC,Manchester Piccadilly,1900-01-01 14:49:00,2023-09-03,Buxton,BUX,BUX,Buxton,1900-01-01 15:50:00,2023-09-03,-3,,,,2023-09-03 15:50:00,2023-09-03 14:49:00
109,N80656,Transpennine Express,MNC,Manchester Piccadilly,1900-01-01 14:52:00,2023-09-03,Huddersfield,HUD,HDR,Huddersfield,1900-01-01 16:27:00,2023-09-03,0,,,,2023-09-03 16:27:00,2023-09-03 14:52:00
110,L33375,Avanti West Coast,MNC,Manchester Piccadilly,1900-01-01 14:55:00,2023-09-03,London Euston,EUS,EUS,London Euston,1900-01-01 17:10:00,2023-09-03,-1,,,,2023-09-03 17:10:00,2023-09-03 14:55:00
111,J67015,Transpennine Express,MNC,Manchester Piccadilly,1900-01-01 15:00:00,2023-09-03,Manchester Airport,MIA,MNC,Manchester Airport,1900-01-01 15:25:00,2023-09-03,0,,,,2023-09-03 15:25:00,2023-09-03 15:00:00
112,N80638,Transpennine Express,MNC,Manchester Piccadilly,1900-01-01 15:00:00,2023-09-03,Huddersfield,HUD,HDR,Huddersfield,1900-01-01 16:00:00,2023-09-03,0,,,,2023-09-03 16:00:00,2023-09-03 15:00:00
113,G59584,CrossCountry,MNC,Manchester Piccadilly,1900-01-01 15:03:00,2023-09-03,Bristol Temple Meads,BRI,BRS,Bristol Temple Meads,1900-01-01 18:06:00,2023-09-03,1,,,,2023-09-03 18:06:00,2023-09-03 15:03:00
114,P60040,Northern,MNC,Manchester Piccadilly,1900-01-01 15:03:00,2023-09-03,Hadfield,HDF,HAD,Hadfield,1900-01-01 15:42:00,2023-09-03,0,,,,2023-09-03 15:42:00,2023-09-03 15:03:00
115,P60233,Northern,MNC,Manchester Piccadilly,1900-01-01 15:07:00,2023-09-03,Crewe,CRE,CRE,Crewe,1900-01-01 15:56:00,2023-09-03,1,,,,2023-09-03 15:56:00,2023-09-03 15:07:00
116,P59966,Northern,MNC,Manchester Piccadilly,1900-01-01 15:10:00,2023-09-03,Chester,CTR,CHS,Chester,1900-01-01 16:35:00,2023-09-03,27,,,,2023-09-03 16:35:00,2023-09-03 15:10:00
117,L33377,Avanti West Coast,MNC,Manchester Piccadilly,1900-01-01 15:15:00,2023-09-03,London Euston,EUS,EUS,London Euston,1900-01-01 17:39:00,2023-09-03,-1,,,,2023-09-03 17:39:00,2023-09-03 15:15:00
118,G59383,CrossCountry,MNC,Manchester Piccadilly,1900-01-01 15:25:00,2023-09-03,Bournemouth,BMH,BOM,Bournemouth,1900-01-01 20:27:00,2023-09-03,10,,,,2023-09-03 20:27:00,2023-09-03 15:25:00
119,S87266,Northern,MNC,Manchester Piccadilly,1900-01-01 15:30:00,2023-09-03,Wilmslow,WML,WLM,Wilmslow,1900-01-01 16:40:00,2023-09-03,0,,,,2023-09-03 16:40:00,2023-09-03 15:30:00
120,J67016,Transpennine Express,MNC,Manchester Piccadilly,1900-01-01 15:30:00,2023-09-03,Manchester Airport,MIA,MNC,Manchester Airport,1900-01-01 15:55:00,2023-09-03,0,,,,2023-09-03 15:55:00,2023-09-03 15:30:00
121,N80639,Transpennine Express,MNC,Manchester Piccadilly,1900-01-01 15:30:00,2023-09-03,Huddersfield,HUD,HDR,Huddersfield,1900-01-01 16:30:00,2023-09-03,0,,,,2023-09-03 16:30:00,2023-09-03 15:30:00
122,L98378,Transport for Wales,MNC,Manchester Piccadilly,1900-01-01 15:30:00,2023-09-03,Swansea,SWA,SWA,Swansea,1900-01-01 19:56:00,2023-09-03,0,,,,2023-09-03 19:56:00,2023-09-03 15:30:00
123,P60041,Northern,MNC,Manchester Piccadilly,1900-01-01 15:33:00,2023-09-03,Hadfield,HDF,HAD,Hadfield,1900-01-01 16:12:00,2023-09-03,0,,,,2023-09-03 16:12:00,2023-09-03 15:33:00
124,G70134,East Midlands Railway,MNC,Manchester Piccadilly,1900-01-01 15:45:00,2023-09-03,Norwich,NRW,NRC,Norwich,1900-01-01 20:22:00,2023-09-03,9,,,,2023-09-03 20:22:00,2023-09-03 15:45:00
125,P60567,Northern,MNC,Manchester Piccadilly,1900-01-01 15:45:00,2023-09-03,Sheffield,SHF,SHE,Sheffield,1900-01-01 17:04:30,2023-09-03,2,,,,2023-09-03 17:04:30,2023-09-03 15:45:00
126,P59727,Northern,MNC,Manchester Piccadilly,1900-01-01 15:49:00,2023-09-03,Buxton,BUX,BUX,Buxton,1900-01-01 16:50:00,2023-09-03,-3,,,,2023-09-03 16:50:00,2023-09-03 15:49:00
127,N80657,Transpennine Express,MNC,Manchester Piccadilly,1900-01-01 15:52:00,2023-09-03,Huddersfield,HUD,HDR,Huddersfield,1900-01-01 17:27:00,2023-09-03,0,,,,2023-09-03 17:27:00,2023-09-03 15:52:00
128,L33390,Avanti West Coast,MNC,Manchester Piccadilly,1900-01-01 15:55:00,2023-09-03,London Euston,EUS,EUS,London Euston,1900-01-01 18:10:00,2023-09-03,2,,,,2023-09-03 18:10:00,2023-09-03 15:55:00
129,N80640,Transpennine Express,MNC,Manchester Piccadilly,1900-01-01 16:00:00,2023-09-03,Huddersfield,HUD,HDR,Huddersfield,1900-01-01 17:00:00,2023-09-03,0,,,,2023-09-03 17:00:00,2023-09-03 16:00:00
130,J67017,Transpennine Express,MNC,Manchester Piccadilly,1900-01-01 16:00:00,2023-09-03,Manchester Airport,MIA,MNC,Manchester Airport,1900-01-01 16:25:00,2023-09-03,0,,,,2023-09-03 16:25:00,2023-09-03 16:00:00
131,G59590,CrossCountry,MNC,Manchester Piccadilly,1900-01-01 16:03:00,2023-09-03,Bristol Temple Meads,BRI,BRS,Bristol Temple Meads,1900-01-01 19:08:00,2023-09-03,15,,,,2023-09-03 19:08:00,2023-09-03 16:03:00
132,P60042,Northern,MNC,Manchester Piccadilly,1900-01-01 16:03:00,2023-09-03,Hadfield,HDF,HAD,Hadfield,1900-01-01 16:42:00,2023-09-03,0,,,,2023-09-03 16:42:00,2023-09-03 16:03:00
133,P60235,Northern,MNC,Manchester Piccadilly,1900-01-01 16:07:00,2023-09-03,Crewe,CRE,CRE,Crewe,1900-01-01 16:56:00,2023-09-03,-2,,,,2023-09-03 16:56:00,2023-09-03 16:07:00
134,L33392,Avanti West Coast,MNC,Manchester Piccadilly,1900-01-01 16:15:00,2023-09-03,London Euston,EUS,EUS,London Euston,1900-01-01 18:39:00,2023-09-03,-2,,,,2023-09-03 18:39:00,2023-09-03 16:15:00
135,G67968,Transpennine Express,MNC,Manchester Piccadilly,1900-01-01 16:18:00,2023-09-03,Cleethorpes,CLE,CLT,Cleethorpes,1900-01-01 18:50:30,2023-09-03,7,,,,2023-09-03 18:50:30,2023-09-03 16:18:00
136,G59386,CrossCountry,MNC,Manchester Piccadilly,1900-01-01 16:25:00,2023-09-03,Bournemouth,BMH,BOM,Bournemouth,1900-01-01 21:26:00,2023-09-03,4,,,,2023-09-03 21:26:00,2023-09-03 16:25:00
137,N80641,Transpennine Express,MNC,Manchester Piccadilly,1900-01-01 16:30:00,2023-09-03,Huddersfield,HUD,HDR,Huddersfield,1900-01-01 17:30:00,2023-09-03,0,,,,2023-09-03 17:30:00,2023-09-03 16:30:00
138,J67018,Transpennine Express,MNC,Manchester Piccadilly,1900-01-01 16:30:00,2023-09-03,Manchester Airport,MIA,MNC,Manchester Airport,1900-01-01 16:55:00,2023-09-03,0,,,,2023-09-03 16:55:00,2023-09-03 16:30:00
139,L98396,Transport for Wales,MNC,Manchester Piccadilly,1900-01-01 16:30:00,2023-09-03,Swansea,SWA,SWA,Swansea,1900-01-01 20:50:00,2023-09-03,29,,,,2023-09-03 20:50:00,2023-09-03 16:30:00
140,S87267,Northern,MNC,Manchester Piccadilly,1900-01-01 16:30:00,2023-09-03,Wilmslow,WML,WLM,Wilmslow,1900-01-01 17:40:00,2023-09-03,0,,,,2023-09-03 17:40:00,2023-09-03 16:30:00
141,P60043,Northern,MNC,Manchester Piccadilly,1900-01-01 16:33:00,2023-09-03,Hadfield,HDF,HAD,Hadfield,1900-01-01 17:12:00,2023-09-03,0,,,,2023-09-03 17:12:00,2023-09-03 16:33:00
142,G70137,East Midlands Railway,MNC,Manchester Piccadilly,1900-01-01 16:43:00,2023-09-03,Norwich,NRW,NRC,Norwich,1900-01-01 21:31:00,2023-09-03,7,,,,2023-09-03 21:31:00,2023-09-03 16:43:00
143,P60572,Northern,MNC,Manchester Piccadilly,1900-01-01 16:45:00,2023-09-03,Sheffield,SHF,SHE,Sheffield,1900-01-01 18:04:00,2023-09-03,4,,,,2023-09-03 18:04:00,2023-09-03 16:45:00
144,P59731,Northern,MNC,Manchester Piccadilly,1900-01-01 16:49:00,2023-09-03,Buxton,BUX,BUX,Buxton,1900-01-01 17:50:00,2023-09-03,2,,,,2023-09-03 17:50:00,2023-09-03 16:49:00
145,N80658,Transpennine Express,MNC,Manchester Piccadilly,1900-01-01 16:52:00,2023-09-03,Huddersfield,HUD,HDR,Huddersfield,1900-01-01 18:27:00,2023-09-03,0,,,,2023-09-03 18:27:00,2023-09-03 16:52:00
146,L33405,Avanti West Coast,MNC,Manchester Piccadilly,1900-01-01 16:53:00,2023-09-03,London Euston,EUS,EUS,London Euston,1900-01-01 19:10:00,2023-09-03,-4,,,,2023-09-03 19:10:00,2023-09-03 16:53:00
147,N80642,Transpennine Express,MNC,Manchester Piccadilly,1900-01-01 17:00:00,2023-09-03,Huddersfield,HUD,HDR,Huddersfield,1900-01-01 18:00:00,2023-09-03,0,,,,2023-09-03 18:00:00,2023-09-03 17:00:00
148,J67019,Transpennine Express,MNC,Manchester Piccadilly,1900-01-01 17:00:00,2023-09-03,Manchester Airport,MIA,MNC,Manchester Airport,1900-01-01 17:25:00,2023-09-03,0,,,,2023-09-03 17:25:00,2023-09-03 17:00:00
149,G59596,CrossCountry,MNC,Manchester Piccadilly,1900-01-01 17:03:00,2023-09-03,Bristol Temple Meads,BRI,BRS,Bristol Temple Meads,1900-01-01 20:05:00,2023-09-03,21,,,,2023-09-03 20:05:00,2023-09-03 17:03:00
150,P60044,Northern,MNC,Manchester Piccadilly,1900-01-01 17:03:00,2023-09-03,Hadfield,HDF,HAD,Hadfield,1900-01-01 17:42:00,2023-09-03,1,,,,2023-09-03 17:42:00,2023-09-03 17:03:00
151,P60236,Northern,MNC,Manchester Piccadilly,1900-01-01 17:07:00,2023-09-03,Crewe,CRE,CRE,Crewe,1900-01-01 17:56:00,2023-09-03,14,,,,2023-09-03 17:56:00,2023-09-03 17:07:00
152,P59968,Northern,MNC,Manchester Piccadilly,1900-01-01 17:10:00,2023-09-03,Chester,CTR,CHS,Chester,1900-01-01 18:35:00,2023-09-03,0,,,,2023-09-03 18:35:00,2023-09-03 17:10:00
153,L33407,Avanti West Coast,MNC,Manchester Piccadilly,1900-01-01 17:15:00,2023-09-03,London Euston,EUS,EUS,London Euston,1900-01-01 19:54:00,2023-09-03,-2,,,,2023-09-03 19:54:00,2023-09-03 17:15:00
154,G59389,CrossCountry,MNC,Manchester Piccadilly,1900-01-01 17:25:00,2023-09-03,Bournemouth,BMH,BOM,Bournemouth,1900-01-01 22:26:00,2023-09-03,4,,,,2023-09-03 22:26:00,2023-09-03 17:25:00
155,J67020,Transpennine Express,MNC,Manchester Piccadilly,1900-01-01 17:30:00,2023-09-03,Manchester Airport,MIA,MNC,Manchester Airport,1900-01-01 17:55:00,2023-09-03,0,,,,2023-09-03 17:55:00,2023-09-03 17:30:00
156,N80643,Transpennine Express,MNC,Manchester Piccadilly,1900-01-01 17:30:00,2023-09-03,Huddersfield,HUD,HDR,Huddersfield,1900-01-01 18:30:00,2023-09-03,0,,,,2023-09-03 18:30:00,2023-09-03 17:30:00
157,L98380,Transport for Wales,MNC,Manchester Piccadilly,1900-01-01 17:30:00,2023-09-03,Shrewsbury,SHR,SHR,Shrewsbury,1900-01-01 18:38:00,2023-09-03,9,,,,2023-09-03 18:38:00,2023-09-03 17:30:00
158,S87268,Northern,MNC,Manchester Piccadilly,1900-01-01 17:30:00,2023-09-03,Wilmslow,WML,WLM,Wilmslow,1900-01-01 18:40:00,2023-09-03,0,,,,2023-09-03 18:40:00,2023-09-03 17:30:00
159,P60045,Northern,MNC,Manchester Piccadilly,1900-01-01 17:33:00,2023-09-03,Hadfield,HDF,HAD,Hadfield,1900-01-01 18:12:00,2023-09-03,0,,,,2023-09-03 18:12:00,2023-09-03 17:33:00
160,G70139,East Midlands Railway,MNC,Manchester Piccadilly,1900-01-01 17:40:00,2023-09-03,Nottingham,NOT,NTN,Nottingham,1900-01-01 19:26:00,2023-09-03,7,,,,2023-09-03 19:26:00,2023-09-03 17:40:00
161,P60553,Northern,MNC,Manchester Piccadilly,1900-01-01 17:45:00,2023-09-03,Sheffield,SHF,SHE,Sheffield,1900-01-01 19:01:30,2023-09-03,0,,,,2023-09-03 19:01:30,2023-09-03 17:45:00
162,P59735,Northern,MNC,Manchester Piccadilly,1900-01-01 17:49:00,2023-09-03,Buxton,BUX,BUX,Buxton,1900-01-01 18:50:00,2023-09-03,-4,,,,2023-09-03 18:50:00,2023-09-03 17:49:00
163,N80659,Transpennine Express,MNC,Manchester Piccadilly,1900-01-01 17:52:00,2023-09-03,Huddersfield,HUD,HDR,Huddersfield,1900-01-01 19:27:00,2023-09-03,0,,,,2023-09-03 19:27:00,2023-09-03 17:52:00
164,L33420,Avanti West Coast,MNC,Manchester Piccadilly,1900-01-01 17:55:00,2023-09-03,London Euston,EUS,EUS,London Euston,1900-01-01 20:10:00,2023-09-03,14,,,,2023-09-03 20:10:00,2023-09-03 17:55:00
165,J67021,Transpennine Express,MNC,Manchester Piccadilly,1900-01-01 18:00:00,2023-09-03,Manchester Airport,MIA,MNC,Manchester Airport,1900-01-01 18:25:00,2023-09-03,0,,,,2023-09-03 18:25:00,2023-09-03 18:00:00
166,N80644,Transpennine Express,MNC,Manchester Piccadilly,1900-01-01 18:00:00,2023-09-03,Huddersfield,HUD,HDR,Huddersfield,1900-01-01 19:00:00,2023-09-03,0,,,,2023-09-03 19:00:00,2023-09-03 18:00:00
167,P60046,Northern,MNC,Manchester Piccadilly,1900-01-01 18:03:00,2023-09-03,Hadfield,HDF,HAD,Hadfield,1900-01-01 18:42:00,2023-09-03,0,,,,2023-09-03 18:42:00,2023-09-03 18:03:00
168,G59049,CrossCountry,MNC,Manchester Piccadilly,1900-01-01 18:03:00,2023-09-03,Birmingham New Street,BHM,BHA,Birmingham New Street,1900-01-01 19:33:00,2023-09-03,0,,,,2023-09-03 19:33:00,2023-09-03 18:03:00
169,P60219,Northern,MNC,Manchester Piccadilly,1900-01-01 18:07:00,2023-09-03,Crewe,CRE,CRE,Crewe,1900-01-01 18:56:00,2023-09-03,-2,,,,2023-09-03 18:56:00,2023-09-03 18:07:00
170,L33422,Avanti West Coast,MNC,Manchester Piccadilly,1900-01-01 18:15:00,2023-09-03,London Euston,EUS,EUS,London Euston,1900-01-01 20:39:00,2023-09-03,1,,,,2023-09-03 20:39:00,2023-09-03 18:15:00
171,G67972,Transpennine Express,MNC,Manchester Piccadilly,1900-01-01 18:18:00,2023-09-03,Cleethorpes,CLE,CLT,Cleethorpes,1900-01-01 20:49:00,2023-09-03,16,,,,2023-09-03 20:49:00,2023-09-03 18:18:00
172,G59391,CrossCountry,MNC,Manchester Piccadilly,1900-01-01 18:25:00,2023-09-03,Southampton Central,SOU,SOT,Southampton Central,1900-01-01 22:42:00,2023-09-03,4,,,,2023-09-03 22:42:00,2023-09-03 18:25:00
173,J67022,Transpennine Express,MNC,Manchester Piccadilly,1900-01-01 18:30:00,2023-09-03,Manchester Airport,MIA,MNC,Manchester Airport,1900-01-01 18:55:00,2023-09-03,0,,,,2023-09-03 18:55:00,2023-09-03 18:30:00
174,N80645,Transpennine Express,MNC,Manchester Piccadilly,1900-01-01 18:30:00,2023-09-03,Huddersfield,HUD,HDR,Huddersfield,1900-01-01 19:30:00,2023-09-03,0,,,,2023-09-03 19:30:00,2023-09-03 18:30:00
175,S87269,Northern,MNC,Manchester Piccadilly,1900-01-01 18:30:00,2023-09-03,Wilmslow,WML,WLM,Wilmslow,1900-01-01 19:40:00,2023-09-03,0,,,,2023-09-03 19:40:00,2023-09-03 18:30:00
176,L98398,Transport for Wales,MNC,Manchester Piccadilly,1900-01-01 18:30:00,2023-09-03,Carmarthen,CMN,CRD,Cardiff Central,1900-01-01 21:43:00,2023-09-03,35,BGN,Bridgend,TG,2023-09-03 21:43:00,2023-09-03 18:30:00
177,P60047,Northern,MNC,Manchester Piccadilly,1900-01-01 18:33:00,2023-09-03,Hadfield,HDF,HAD,Hadfield,1900-01-01 19:12:00,2023-09-03,0,,,,2023-09-03 19:12:00,2023-09-03 18:33:00
178,G70143,East Midlands Railway,MNC,Manchester Piccadilly,1900-01-01 18:43:00,2023-09-03,Norwich,NRW,NRC,Norwich,1900-01-01 23:15:00,2023-09-03,6,,,,2023-09-03 23:15:00,2023-09-03 18:43:00
179,P60558,Northern,MNC,Manchester Piccadilly,1900-01-01 18:45:00,2023-09-03,Sheffield,SHF,SHE,Sheffield,1900-01-01 20:01:30,2023-09-03,14,,,,2023-09-03 20:01:30,2023-09-03 18:45:00
180,P59739,Northern,MNC,Manchester Piccadilly,1900-01-01 18:49:00,2023-09-03,Buxton,BUX,BUX,Buxton,1900-01-01 19:50:00,2023-09-03,1,,,,2023-09-03 19:50:00,2023-09-03 18:49:00
181,N80660,Transpennine Express,MNC,Manchester Piccadilly,1900-01-01 18:52:00,2023-09-03,Huddersfield,HUD,HDR,Huddersfield,1900-01-01 20:27:00,2023-09-03,0,,,,2023-09-03 20:27:00,2023-09-03 18:52:00
182,L33432,Avanti West Coast,MNC,Manchester Piccadilly,1900-01-01 18:55:00,2023-09-03,London Euston,EUS,EUS,London Euston,1900-01-01 21:14:00,2023-09-03,3,,,,2023-09-03 21:14:00,2023-09-03 18:55:00
183,J67023,Transpennine Express,MNC,Manchester Piccadilly,1900-01-01 19:00:00,2023-09-03,Manchester Airport,MIA,MNC,Manchester Airport,1900-01-01 19:25:00,2023-09-03,0,,,,2023-09-03 19:25:00,2023-09-03 19:00:00
184,N80646,Transpennine Express,MNC,Manchester Piccadilly,1900-01-01 19:00:00,2023-09-03,Huddersfield,HUD,HDR,Huddersfield,1900-01-01 20:00:00,2023-09-03,0,,,,2023-09-03 20:00:00,2023-09-03 19:00:00
185,P60048,Northern,MNC,Manchester Piccadilly,1900-01-01 19:03:00,2023-09-03,Hadfield,HDF,HAD,Hadfield,1900-01-01 19:42:00,2023-09-03,0,,,,2023-09-03 19:42:00,2023-09-03 19:03:00
186,P60221,Northern,MNC,Manchester Piccadilly,1900-01-01 19:07:00,2023-09-03,Crewe,CRE,CRE,Crewe,1900-01-01 19:56:00,2023-09-03,-1,,,,2023-09-03 19:56:00,2023-09-03 19:07:00
187,P59970,Northern,MNC,Manchester Piccadilly,1900-01-01 19:10:00,2023-09-03,Chester,CTR,CHS,Chester,1900-01-01 20:35:00,2023-09-03,0,,,,2023-09-03 20:35:00,2023-09-03 19:10:00
188,G59628,CrossCountry,MNC,Manchester Piccadilly,1900-01-01 19:25:00,2023-09-03,Reading,RDG,RDN,Reading,1900-01-01 22:39:00,2023-09-03,-1,,,,2023-09-03 22:39:00,2023-09-03 19:25:00
189,J67024,Transpennine Express,MNC,Manchester Piccadilly,1900-01-01 19:30:00,2023-09-03,Manchester Airport,MIA,MNC,Manchester Airport,1900-01-01 19:55:00,2023-09-03,0,,,,2023-09-03 19:55:00,2023-09-03 19:30:00
190,N80647,Transpennine Express,MNC,Manchester Piccadilly,1900-01-01 19:30:00,2023-09-03,Huddersfield,HUD,HDR,Huddersfield,1900-01-01 20:30:00,2023-09-03,0,,,,2023-09-03 20:30:00,2023-09-03 19:30:00
191,L98382,Transport for Wales,MNC,Manchester Piccadilly,1900-01-01 19:30:00,2023-09-03,Swansea,SWA,SWA,Swansea,1900-01-01 23:58:00,2023-09-03,9,,,,2023-09-03 23:58:00,2023-09-03 19:30:00
192,S87270,Northern,MNC,Manchester Piccadilly,1900-01-01 19:30:00,2023-09-03,Wilmslow,WML,WLM,Wilmslow,1900-01-01 20:40:00,2023-09-03,0,,,,2023-09-03 20:40:00,2023-09-03 19:30:00
193,P60049,Northern,MNC,Manchester Piccadilly,1900-01-01 19:33:00,2023-09-03,Hadfield,HDF,HAD,Hadfield,1900-01-01 20:12:00,2023-09-03,0,,,,2023-09-03 20:12:00,2023-09-03 19:33:00
194,G70145,East Midlands Railway,MNC,Manchester Piccadilly,1900-01-01 19:42:00,2023-09-03,Nottingham,NOT,NTN,Nottingham,1900-01-01 21:26:00,2023-09-03,5,,,,2023-09-03 21:26:00,2023-09-03 19:42:00
195,P60563,Northern,MNC,Manchester Piccadilly,1900-01-01 19:45:00,2023-09-03,Sheffield,SHF,SHE,Sheffield,1900-01-01 21:02:00,2023-09-03,0,,,,2023-09-03 21:02:00,2023-09-03 19:45:00
196,P59743,Northern,MNC,Manchester Piccadilly,1900-01-01 19:49:00,2023-09-03,Buxton,BUX,BUX,Buxton,1900-01-01 20:50:00,2023-09-03,4,,,,2023-09-03 20:50:00,2023-09-03 19:49:00
197,N80661,Transpennine Express,MNC,Manchester Piccadilly,1900-01-01 19:52:00,2023-09-03,Huddersfield,HUD,HDR,Huddersfield,1900-01-01 21:27:00,2023-09-03,0,,,,2023-09-03 21:27:00,2023-09-03 19:52:00
198,J67025,Transpennine Express,MNC,Manchester Piccadilly,1900-01-01 20:00:00,2023-09-03,Manchester Airport,MIA,MNC,Manchester Airport,1900-01-01 20:25:00,2023-09-03,0,,,,2023-09-03 20:25:00,2023-09-03 20:00:00
199,P60050,Northern,MNC,Manchester Piccadilly,1900-01-01 20:03:00,2023-09-03,Hadfield,HDF,HAD,Hadfield,1900-01-01 20:42:00,2023-09-03,0,,,,2023-09-03 20:42:00,2023-09-03 20:03:00
200,P60223,Northern,MNC,Manchester Piccadilly,1900-01-01 20:08:00,2023-09-03,Crewe,CRE,CRE,Crewe,1900-01-01 20:57:00,2023-09-03,-1,,,,2023-09-03 20:57:00,2023-09-03 20:08:00
201,G67976,Transpennine Express,MNC,Manchester Piccadilly,1900-01-01 20:18:00,2023-09-03,Cleethorpes,CLE,DON,Doncaster,1900-01-01 21:34:30,2023-09-03,0,SCU,Scunthorpe,TH,2023-09-03 21:34:30,2023-09-03 20:18:00
202,L33444,Avanti West Coast,MNC,Manchester Piccadilly,1900-01-01 20:21:00,2023-09-03,London Euston,EUS,EUS,London Euston,1900-01-01 22:57:00,2023-09-03,3,,,,2023-09-03 22:57:00,2023-09-03 20:21:00
203,S87240,Northern,MNC,Manchester Piccadilly,1900-01-01 20:30:00,2023-09-03,Wilmslow,WML,WLM,Wilmslow,1900-01-01 21:40:00,2023-09-03,0,,,,2023-09-03 21:40:00,2023-09-03 20:30:00
204,J67026,Transpennine Express,MNC,Manchester Piccadilly,1900-01-01 20:30:00,2023-09-03,Manchester Airport,MIA,MNC,Manchester Airport,1900-01-01 20:55:00,2023-09-03,0,,,,2023-09-03 20:55:00,2023-09-03 20:30:00
205,L98388,Transport for Wales,MNC,Manchester Piccadilly,1900-01-01 20:30:00,2023-09-03,Cardiff Central,CDF,MNC,Manchester Piccadilly,1900-01-01 14:00:00,2023-09-03,CANCELLED AT ORIGIN,MAN,Manchester Piccadilly,YI,2023-09-03 14:00:00,2023-09-03 20:30:00
206,N80648,Transpennine Express,MNC,Manchester Piccadilly,1900-01-01 20:30:00,2023-09-03,Huddersfield,HUD,HDR,Huddersfield,1900-01-01 21:30:00,2023-09-03,0,,,,2023-09-03 21:30:00,2023-09-03 20:30:00
207,G70149,East Midlands Railway,MNC,Manchester Piccadilly,1900-01-01 20:43:00,2023-09-03,Nottingham,NOT,NTN,Nottingham,1900-01-01 22:31:00,2023-09-03,1,,,,2023-09-03 22:31:00,2023-09-03 20:43:00
208,P60568,Northern,MNC,Manchester Piccadilly,1900-01-01 20:45:00,2023-09-03,Sheffield,SHF,SHE,Sheffield,1900-01-01 22:02:00,2023-09-03,5,,,,2023-09-03 22:02:00,2023-09-03 20:45:00
209,P59747,Northern,MNC,Manchester Piccadilly,1900-01-01 20:49:00,2023-09-03,Buxton,BUX,BUX,Buxton,1900-01-01 21:50:00,2023-09-03,-2,,,,2023-09-03 21:50:00,2023-09-03 20:49:00
210,N80662,Transpennine Express,MNC,Manchester Piccadilly,1900-01-01 20:52:00,2023-09-03,Huddersfield,HUD,HDR,Huddersfield,1900-01-01 22:27:00,2023-09-03,0,,,,2023-09-03 22:27:00,2023-09-03 20:52:00
211,L33447,Avanti West Coast,MNC,Manchester Piccadilly,1900-01-01 20:56:00,2023-09-03,London Euston,EUS,EUS,London Euston,1900-01-01 23:42:00,2023-09-03,2,,,,2023-09-03 23:42:00,2023-09-03 20:56:00
212,J67027,Transpennine Express,MNC,Manchester Piccadilly,1900-01-01 21:00:00,2023-09-03,Manchester Airport,MIA,MNC,Manchester Airport,1900-01-01 21:25:00,2023-09-03,0,,,,2023-09-03 21:25:00,2023-09-03 21:00:00
213,P60051,Northern,MNC,Manchester Piccadilly,1900-01-01 21:01:00,2023-09-03,Hadfield,HDF,HAD,Hadfield,1900-01-01 21:40:00,2023-09-03,0,,,,2023-09-03 21:40:00,2023-09-03 21:01:00
214,P59972,Northern,MNC,Manchester Piccadilly,1900-01-01 21:04:00,2023-09-03,Chester,CTR,CHS,Chester,1900-01-01 22:30:00,2023-09-03,3,,,,2023-09-03 22:30:00,2023-09-03 21:04:00
215,G59060,CrossCountry,MNC,Manchester Piccadilly,1900-01-01 21:09:00,2023-09-03,Birmingham New Street,BHM,BHA,Birmingham New Street,1900-01-01 22:48:00,2023-09-03,4,,,,2023-09-03 22:48:00,2023-09-03 21:09:00
216,P60226,Northern,MNC,Manchester Piccadilly,1900-01-01 21:14:00,2023-09-03,Crewe,CRE,CRE,Crewe,1900-01-01 22:03:00,2023-09-03,-2,,,,2023-09-03 22:03:00,2023-09-03 21:14:00
217,J67028,Transpennine Express,MNC,Manchester Piccadilly,1900-01-01 21:30:00,2023-09-03,Manchester Airport,MIA,MNC,Manchester Airport,1900-01-01 21:55:00,2023-09-03,0,,,,2023-09-03 21:55:00,2023-09-03 21:30:00
218,N80649,Transpennine Express,MNC,Manchester Piccadilly,1900-01-01 21:30:00,2023-09-03,Huddersfield,HUD,HDR,Huddersfield,1900-01-01 22:30:00,2023-09-03,0,,,,2023-09-03 22:30:00,2023-09-03 21:30:00
219,S87241,Northern,MNC,Manchester Piccadilly,1900-01-01 21:30:00,2023-09-03,Wilmslow,WML,WLM,Wilmslow,1900-01-01 22:40:00,2023-09-03,0,,,,2023-09-03 22:40:00,2023-09-03 21:30:00
220,L98358,Transport for Wales,MNC,Manchester Piccadilly,1900-01-01 21:35:00,2023-09-03,Crewe,CRE,CRE,Crewe,1900-01-01 22:12:00,2023-09-03,0,,,,2023-09-03 22:12:00,2023-09-03 21:35:00
221,G70159,East Midlands Railway,MNC,Manchester Piccadilly,1900-01-01 21:44:00,2023-09-03,Nottingham,NOT,NTN,Nottingham,1900-01-01 23:38:30,2023-09-03,2,,,,2023-09-03 23:38:30,2023-09-03 21:44:00
222,P59751,Northern,MNC,Manchester Piccadilly,1900-01-01 21:50:00,2023-09-03,Buxton,BUX,BUX,Buxton,1900-01-01 22:51:00,2023-09-03,-3,,,,2023-09-03 22:51:00,2023-09-03 21:50:00
223,N80663,Transpennine Express,MNC,Manchester Piccadilly,1900-01-01 21:52:00,2023-09-03,Huddersfield,HUD,HDR,Huddersfield,1900-01-01 23:27:00,2023-09-03,0,,,,2023-09-03 23:27:00,2023-09-03 21:52:00
224,J67029,Transpennine Express,MNC,Manchester Piccadilly,1900-01-01 22:00:00,2023-09-03,Manchester Airport,MIA,MNC,Manchester Airport,1900-01-01 22:25:00,2023-09-03,0,,,,2023-09-03 22:25:00,2023-09-03 22:00:00
225,G59063,CrossCountry,MNC,Manchester Piccadilly,1900-01-01 22:04:00,2023-09-03,Birmingham New Street,BHM,BHA,Birmingham New Street,1900-01-01 23:34:00,2023-09-03,14,,,,2023-09-03 23:34:00,2023-09-03 22:04:00
226,P60229,Northern,MNC,Manchester Piccadilly,1900-01-01 22:15:00,2023-09-03,Crewe,CRE,CRE,Crewe,1900-01-01 23:03:00,2023-09-03,-2,,,,2023-09-03 23:03:00,2023-09-03 22:15:00
227,G67980,Transpennine Express,MNC,Manchester Piccadilly,1900-01-01 22:18:00,2023-09-03,Sheffield,SHF,SHE,Sheffield,1900-01-01 23:09:00,2023-09-03,3,,,,2023-09-03 23:09:00,2023-09-03 22:18:00
228,G70155,East Midlands Railway,MNC,Manchester Piccadilly,1900-01-01 22:23:00,2023-09-03,Nottingham,NOT,NTN,Nottingham,1900-01-01 23:00:00,2023-09-03,0,,,,2023-09-03 23:00:00,2023-09-03 22:23:00
229,S87242,Northern,MNC,Manchester Piccadilly,1900-01-01 22:30:00,2023-09-03,Wilmslow,WML,WLM,Wilmslow,1900-01-01 23:40:00,2023-09-03,0,,,,2023-09-03 23:40:00,2023-09-03 22:30:00
230,N80650,Transpennine Express,MNC,Manchester Piccadilly,1900-01-01 22:30:00,2023-09-03,Huddersfield,HUD,HDR,Huddersfield,1900-01-01 23:30:00,2023-09-03,0,,,,2023-09-03 23:30:00,2023-09-03 22:30:00
231,L98360,Transport for Wales,MNC,Manchester Piccadilly,1900-01-01 22:30:00,2023-09-03,Crewe,CRE,CRE,Crewe,1900-01-01 23:10:00,2023-09-03,-3,,,,2023-09-03 23:10:00,2023-09-03 22:30:00
232,P59755,Northern,MNC,Manchester Piccadilly,1900-01-01 22:48:00,2023-09-03,Buxton,BUX,BUX,Buxton,1900-01-01 23:51:00,2023-09-03,-5,,,,2023-09-03 23:51:00,2023-09-03 22:48:00
233,N80664,Transpennine Express,MNC,Manchester Piccadilly,1900-01-01 22:52:00,2023-09-03,Huddersfield,HUD,HDR,Huddersfield,1900-01-01 02:07:00,2023-09-03,0,,,,2023-09-03 02:07:00,2023-09-03 22:52:00
234,P60241,Northern,MNC,Manchester Piccadilly,1900-01-01 23:00:00,2023-09-03,Crewe,CRE,CRE,Crewe,1900-01-01 23:48:00,2023-09-03,0,,,,2023-09-03 23:48:00,2023-09-03 23:00:00
235,J67030,Transpennine Express,MNC,Manchester Piccadilly,1900-01-01 23:00:00,2023-09-03,Manchester Airport,MIA,MNC,Manchester Airport,1900-01-01 23:25:00,2023-09-03,0,,,,2023-09-03 23:25:00,2023-09-03 23:00:00
236,S87243,Northern,MNC,Manchester Piccadilly,1900-01-01 23:30:00,2023-09-03,Manchester Airport,MIA,MNC,Manchester Airport,1900-01-01 10:00:00,2023-09-03,0,,,,2023-09-03 10:00:00,2023-09-03 23:30:00
